archivo,n,algoritmo,comparaciones,intercambios,tiempo_us,memoria_aux_bytes,prof_max,particiones_quick,usos_insertion,usos_merge,particiones_malas,correcto
aleatorio_100.txt,100,Insertion,2370,2274,422,192,0,0,0,0,0,1
aleatorio_100.txt,100,Quick Sort,631,350,271,896,11,0,0,0,0,1
aleatorio_100.txt,100,Merge Sort,545,1344,185,19200,6,0,0,0,0,1
aleatorio_100.txt,100,HIBRIDO,704,688,175,19200,9,9,8,1,2,1
aleatorio_500.txt,500,Insertion,62299,61802,7954,192,0,0,0,0,0,1
aleatorio_500.txt,500,Quick Sort,5088,2766,1374,1408,19,0,0,0,0,1
aleatorio_500.txt,500,Merge Sort,3844,8976,1208,96000,8,0,0,0,0,1
aleatorio_500.txt,500,HIBRIDO,5316,4090,1399,96000,12,49,36,3,14,1
aleatorio_1000.txt,1000,Insertion,252643,251646,32643,192,0,0,0,0,0,1
aleatorio_1000.txt,1000,Quick Sort,10746,5807,2842,1408,19,0,0,0,0,1
aleatorio_1000.txt,1000,Merge Sort,8710,19952,2735,192000,9,0,0,0,0,1
aleatorio_1000.txt,1000,HIBRIDO,11378,7199,2796,192000,14,102,93,3,19,1
aleatorio_2000.txt,2000,Insertion,1003851,1001856,130364,192,0,0,0,0,0,1
aleatorio_2000.txt,2000,Quick Sort,23489,11560,6303,1536,21,0,0,0,0,1
aleatorio_2000.txt,2000,Merge Sort,19440,43904,6137,384000,10,0,0,0,0,1
aleatorio_2000.txt,2000,HIBRIDO,24367,14967,5676,384000,18,209,176,9,51,1
aleatorio_4000.txt,4000,Insertion,3974150,3970158,518683,192,0,0,0,0,0,1
aleatorio_4000.txt,4000,Quick Sort,57122,28481,14274,1920,27,0,0,0,0,1
aleatorio_4000.txt,4000,Merge Sort,42861,95808,13095,768000,11,0,0,0,0,1
aleatorio_4000.txt,4000,HIBRIDO,50347,82793,14070,768000,14,75,59,5,16,1
repetidos_4000.txt,4000,Insertion,3871770,3867774,505916,192,0,0,0,0,0,1
repetidos_4000.txt,4000,Quick Sort,220077,19404,10824,8064,123,0,0,0,0,1
repetidos_4000.txt,4000,Merge Sort,42643,95808,12879,768000,11,0,0,0,0,1
repetidos_4000.txt,4000,HIBRIDO,50704,64166,12958,768000,20,126,0,40,89,1
casi_ordenado_4000.txt,4000,Insertion,262705,258706,34343,192,0,0,0,0,0,1
casi_ordenado_4000.txt,4000,Quick Sort,50349,18740,9397,2304,33,0,0,0,0,1
casi_ordenado_4000.txt,4000,Merge Sort,36529,95808,12753,768000,11,0,0,0,0,1
casi_ordenado_4000.txt,4000,HIBRIDO,46579,35479,9925,768000,15,325,223,39,89,1
ordenado_4000.txt,4000,Insertion,7998000,7998000,1024992,192,0,0,0,0,0,1
ordenado_4000.txt,4000,Quick Sort,41684,22826,11090,1088,14,0,0,0,0,1
ordenado_4000.txt,4000,Merge Sort,23728,95808,12641,768000,11,0,0,0,0,1
ordenado_4000.txt,4000,HIBRIDO,48842,30866,11218,768000,11,332,327,0,6,1
adverso_4000.txt,4000,Insertion,2670848,2666850,343159,192,0,0,0,0,0,1
adverso_4000.txt,4000,Quick Sort,7998000,7998,44160,256064,3998,0,0,0,0,1
adverso_4000.txt,4000,Merge Sort,35041,95808,12754,768000,11,0,0,0,0,1
adverso_4000.txt,4000,HIBRIDO,43035,95786,12764,768000,12,2,0,1,2,1
